{"stats":{"minecraft:used":{"minecraft:glow_item_frame":1,"minecraft:command_block":2},"minecraft:picked_up":{"minecraft:compass":1},"minecraft:custom":{"minecraft:jump":32,"minecraft:time_since_rest":3726,"minecraft:deaths":1,"minecraft:damage_dealt":25,"minecraft:crouch_one_cm":73,"minecraft:leave_game":3,"minecraft:play_time":14920,"minecraft:sprint_one_cm":3017,"minecraft:damage_taken":300,"minecraft:time_since_death":3700,"minecraft:walk_one_cm":4577,"minecraft:sneak_time":32,"minecraft:total_world_time":14920,"minecraft:fall_one_cm":3434,"minecraft:fly_one_cm":14775},"minecraft:mined":{"minecraft:short_grass":4}},"DataVersion":3955}