{
  "minecraft:recipes/decorations/crafting_table": {
    "criteria": {
      "unlock_right_away": "2024-09-11 21:40:59 +0000"
    },
    "done": true
  },
  "minecraft:adventure/adventuring_time": {
    "criteria": {
      "minecraft:beach": "2024-09-11 21:46:27 +0000",
      "minecraft:plains": "2024-09-11 21:41:00 +0000"
    },
    "done": false
  },
  "minecraft:recipes/misc/map": {
    "criteria": {
      "has_compass": "2024-09-11 21:53:11 +0000"
    },
    "done": true
  },
  "DataVersion": 3955
}